version,sha256,path,os_name,os_arch
3.7.0,d1ae3b685c9b72d87c83cbf8edd6ba8a44b88bbba9b9cecb8aa79df6ee39727c,pythons/3.7.0/ubuntu-22-04-x86_64-d1ae3b685c9b72d87c83cbf8edd6ba8a44b88bbba9b9cecb8aa79df6ee39727c.tar,ubuntu 22.04,x86_64
3.7.0,9f759f1995a62136f4e551841fd9ae880a14515e1c6a74ba22ff44edffe71963,pythons/3.7.0/ubuntu-24-04-x86_64-9f759f1995a62136f4e551841fd9ae880a14515e1c6a74ba22ff44edffe71963.tar,ubuntu 24.04,x86_64
3.7.1,9bff0ec0fa85362326952a769b336c51080cdff82acbb772429fe4e485be359c,pythons/3.7.1/ubuntu-22-04-x86_64-9bff0ec0fa85362326952a769b336c51080cdff82acbb772429fe4e485be359c.tar,ubuntu 22.04,x86_64
3.7.1,01c19295b9c2d4186785e622c81b21b299b4f3f2c57d2d0aceb9fec419eda000,pythons/3.7.1/ubuntu-24-04-x86_64-01c19295b9c2d4186785e622c81b21b299b4f3f2c57d2d0aceb9fec419eda000.tar,ubuntu 24.04,x86_64
3.7.4,d564f30b1be58a2ae68fe78fa4abefb09383c6f6ede99600da4a2273a7471647,pythons/3.7.4/ubuntu-22-04-x86_64-d564f30b1be58a2ae68fe78fa4abefb09383c6f6ede99600da4a2273a7471647.tar,ubuntu 22.04,x86_64
3.7.4,08d4b9c25225b3f99d354946660fcb30a495f7a478ffab9a8fdc50bcf8259235,pythons/3.7.4/ubuntu-24-04-x86_64-08d4b9c25225b3f99d354946660fcb30a495f7a478ffab9a8fdc50bcf8259235.tar,ubuntu 24.04,x86_64
3.7.5,727fdf93d591d0b2078871c0d08f181a306a55922bd387ba9ea2d12d5a61c40c,pythons/3.7.5/ubuntu-22-04-x86_64-727fdf93d591d0b2078871c0d08f181a306a55922bd387ba9ea2d12d5a61c40c.tar,ubuntu 22.04,x86_64
3.7.5,b51dabbdd022b29cd635f0544f2664c8883f625e6c54a98a3482c367e9efd325,pythons/3.7.5/ubuntu-24-04-x86_64-b51dabbdd022b29cd635f0544f2664c8883f625e6c54a98a3482c367e9efd325.tar,ubuntu 24.04,x86_64
3.7.6,84b9f8a28273b45df2f6615c8845de91a5845832a24fb264cd10dd580424f9ff,pythons/3.7.6/ubuntu-22-04-x86_64-84b9f8a28273b45df2f6615c8845de91a5845832a24fb264cd10dd580424f9ff.tar,ubuntu 22.04,x86_64
3.7.6,478d312a93aceec6975b2dbca6c1d4b7434ebcb51673798682173cb75eafe915,pythons/3.7.6/ubuntu-24-04-x86_64-478d312a93aceec6975b2dbca6c1d4b7434ebcb51673798682173cb75eafe915.tar,ubuntu 24.04,x86_64
3.7.7,297a24331bfcf3a19b53f0fd46bc16496510a7ed569f3650aaca7958bd77da6f,pythons/3.7.7/ubuntu-22-04-x86_64-297a24331bfcf3a19b53f0fd46bc16496510a7ed569f3650aaca7958bd77da6f.tar,ubuntu 22.04,x86_64
3.7.7,e8fa1e5f63072282c066c188916764d5faafc3312b1b5813e31a584c2f62fe5e,pythons/3.7.7/ubuntu-24-04-x86_64-e8fa1e5f63072282c066c188916764d5faafc3312b1b5813e31a584c2f62fe5e.tar,ubuntu 24.04,x86_64
3.7.8,517810941f9063935523ff6d8bf5082ab9bd1ab079d2d5bd4ad740a6aa7d5f51,pythons/3.7.8/ubuntu-22-04-x86_64-517810941f9063935523ff6d8bf5082ab9bd1ab079d2d5bd4ad740a6aa7d5f51.tar,ubuntu 22.04,x86_64
3.7.8,5757e3a6635f2fae4be4819ec81ae426979dd428b24ae47f9857478afc26c677,pythons/3.7.8/ubuntu-24-04-x86_64-5757e3a6635f2fae4be4819ec81ae426979dd428b24ae47f9857478afc26c677.tar,ubuntu 24.04,x86_64
3.7.9,40fdb3812ed4beca848ead57ff0dbfb736657517fb539505abf79df49724abf5,pythons/3.7.9/ubuntu-22-04-x86_64-40fdb3812ed4beca848ead57ff0dbfb736657517fb539505abf79df49724abf5.tar,ubuntu 22.04,x86_64
3.7.9,cdddcfca9588211794b79961cf2b7d1421f4cd7c447ed3eb808778bf535ee7d3,pythons/3.7.9/ubuntu-24-04-x86_64-cdddcfca9588211794b79961cf2b7d1421f4cd7c447ed3eb808778bf535ee7d3.tar,ubuntu 24.04,x86_64
3.7.10,aa3c5aa6f6127eeb49014e7daeb0dd11d517283ac55cc3bda3011803fe2e6d53,pythons/3.7.10/ubuntu-22-04-x86_64-aa3c5aa6f6127eeb49014e7daeb0dd11d517283ac55cc3bda3011803fe2e6d53.tar,ubuntu 22.04,x86_64
3.7.10,926b6f87b9fe37f8736c3d0466e457f2ebdc9862a90bc93cd314fc4c9871dede,pythons/3.7.10/ubuntu-24-04-x86_64-926b6f87b9fe37f8736c3d0466e457f2ebdc9862a90bc93cd314fc4c9871dede.tar,ubuntu 24.04,x86_64
3.7.11,d232b21cac6402ff72b712a6d9b02416fa451cfe1c350abb220becdbccf747ea,pythons/3.7.11/ubuntu-22-04-x86_64-d232b21cac6402ff72b712a6d9b02416fa451cfe1c350abb220becdbccf747ea.tar,ubuntu 22.04,x86_64
3.7.11,8ab6b705e29ce7eee1d52246a958d4c7200e7bd020d1c8a5e09418a8627ad39a,pythons/3.7.11/ubuntu-24-04-x86_64-8ab6b705e29ce7eee1d52246a958d4c7200e7bd020d1c8a5e09418a8627ad39a.tar,ubuntu 24.04,x86_64
3.7.12,bd3bb84c847c10616df074a71b3050a379396c8734911670a56020f8f341fac5,pythons/3.7.12/ubuntu-22-04-x86_64-bd3bb84c847c10616df074a71b3050a379396c8734911670a56020f8f341fac5.tar,ubuntu 22.04,x86_64
3.7.12,e6d3d15de892047e84f10b9a5af738018cf14198a7afad7b094ff26b847d9dd8,pythons/3.7.12/ubuntu-24-04-x86_64-e6d3d15de892047e84f10b9a5af738018cf14198a7afad7b094ff26b847d9dd8.tar,ubuntu 24.04,x86_64
3.7.13,290e19fb1332a06355112fc2b1323343a25380a6bc7aa806d36bb00e2f6867ef,pythons/3.7.13/ubuntu-22-04-x86_64-290e19fb1332a06355112fc2b1323343a25380a6bc7aa806d36bb00e2f6867ef.tar,ubuntu 22.04,x86_64
3.7.13,7addbebb0f0083144c99576dff79e90035ed16400e017cde54e675b5beceaad0,pythons/3.7.13/ubuntu-24-04-x86_64-7addbebb0f0083144c99576dff79e90035ed16400e017cde54e675b5beceaad0.tar,ubuntu 24.04,x86_64
3.7.14,3e2ed6dd155661699202951e26e96118f26654e0817cbc64683ac1fb909075c3,pythons/3.7.14/ubuntu-22-04-x86_64-3e2ed6dd155661699202951e26e96118f26654e0817cbc64683ac1fb909075c3.tar,ubuntu 22.04,x86_64
3.7.14,d8c7a737a346f6d28e22137f51f82de160c320f8b45c87f83112d7a49ab8788b,pythons/3.7.14/ubuntu-24-04-x86_64-d8c7a737a346f6d28e22137f51f82de160c320f8b45c87f83112d7a49ab8788b.tar,ubuntu 24.04,x86_64
3.7.15,2ce7c61e0c1cebe991b676121943c901fa7f452c32d64d15f46fe08ad8df3bab,pythons/3.7.15/ubuntu-22-04-x86_64-2ce7c61e0c1cebe991b676121943c901fa7f452c32d64d15f46fe08ad8df3bab.tar,ubuntu 22.04,x86_64
3.7.15,9865d23a1661e701bd3108e4e390867a02204e815f654fcd0c2bd0ac527283e5,pythons/3.7.15/ubuntu-24-04-x86_64-9865d23a1661e701bd3108e4e390867a02204e815f654fcd0c2bd0ac527283e5.tar,ubuntu 24.04,x86_64
3.7.16,ee5baffc1bf934c11e9879d71291d4acb36fcb579162551f1be3ea907383d832,pythons/3.7.16/ubuntu-22-04-x86_64-ee5baffc1bf934c11e9879d71291d4acb36fcb579162551f1be3ea907383d832.tar,ubuntu 22.04,x86_64
3.7.16,f078deaac89d80a3b4ffa3e52524d01aa11460420cf8d4209c86b580ce47be39,pythons/3.7.16/ubuntu-24-04-x86_64-f078deaac89d80a3b4ffa3e52524d01aa11460420cf8d4209c86b580ce47be39.tar,ubuntu 24.04,x86_64
3.7.17,fed6c219932a9e57e45cfe49e33f316bc59b38d3c2fa541859c042b5cabeecba,pythons/3.7.17/ubuntu-22-04-x86_64-fed6c219932a9e57e45cfe49e33f316bc59b38d3c2fa541859c042b5cabeecba.tar,ubuntu 22.04,x86_64
3.7.17,5e5b5accf67cacb763164ceb2d2322fc4e9d3891b52535de937b4fb57acc9bf5,pythons/3.7.17/ubuntu-24-04-x86_64-5e5b5accf67cacb763164ceb2d2322fc4e9d3891b52535de937b4fb57acc9bf5.tar,ubuntu 24.04,x86_64
3.8.0,b5be43ae30dba37fbe096d9c446ecc4a2398f9be386a33ed1776820c3936f4d4,pythons/3.8.0/ubuntu-22-04-x86_64-b5be43ae30dba37fbe096d9c446ecc4a2398f9be386a33ed1776820c3936f4d4.tar,ubuntu 22.04,x86_64
3.8.0,cb4254f8ebf228a113ffac09519c62d93834f95214c5c9b6ea9d467a6c047e17,pythons/3.8.0/ubuntu-24-04-x86_64-cb4254f8ebf228a113ffac09519c62d93834f95214c5c9b6ea9d467a6c047e17.tar,ubuntu 24.04,x86_64
3.8.1,bed63b0ea340ea3473dc0732653844ae623ea2a14a8e15808ed96f6294f0f1f4,pythons/3.8.1/ubuntu-22-04-x86_64-bed63b0ea340ea3473dc0732653844ae623ea2a14a8e15808ed96f6294f0f1f4.tar,ubuntu 22.04,x86_64
3.8.1,17405691062616363e892937e6ea52f2db4d17633bfd93bd0e08f29a5052979a,pythons/3.8.1/ubuntu-24-04-x86_64-17405691062616363e892937e6ea52f2db4d17633bfd93bd0e08f29a5052979a.tar,ubuntu 24.04,x86_64
3.8.2,aa6cfb43213cf0a82741c651e0e676a1a9982ceaf9ec8fa369dab0be85250c5c,pythons/3.8.2/ubuntu-22-04-x86_64-aa6cfb43213cf0a82741c651e0e676a1a9982ceaf9ec8fa369dab0be85250c5c.tar,ubuntu 22.04,x86_64
3.8.2,4ff01b08b9a46de3e276e0ef39a1528a2f5698ce9db2aa8f039602f896c0f53a,pythons/3.8.2/ubuntu-24-04-x86_64-4ff01b08b9a46de3e276e0ef39a1528a2f5698ce9db2aa8f039602f896c0f53a.tar,ubuntu 24.04,x86_64
3.8.3,909271d093286f0c35cb3f711017c337db26f13eb6d25647960166756177370c,pythons/3.8.3/ubuntu-22-04-x86_64-909271d093286f0c35cb3f711017c337db26f13eb6d25647960166756177370c.tar,ubuntu 22.04,x86_64
3.8.3,ed97b6f8fc33bd20a4a0a1c04c7e3a182089da846dee7d0d79341b7f64bab5d9,pythons/3.8.3/ubuntu-24-04-x86_64-ed97b6f8fc33bd20a4a0a1c04c7e3a182089da846dee7d0d79341b7f64bab5d9.tar,ubuntu 24.04,x86_64
3.8.4,85c39ae143c0befccbc9f237e98ca9cf2e588463a7559b641052ad54095f76c0,pythons/3.8.4/ubuntu-22-04-x86_64-85c39ae143c0befccbc9f237e98ca9cf2e588463a7559b641052ad54095f76c0.tar,ubuntu 22.04,x86_64
3.8.4,7e9a2fd2fee9538f3df071c2ba35ded816c2cf13b538e57fbb484152e0aaff20,pythons/3.8.4/ubuntu-24-04-x86_64-7e9a2fd2fee9538f3df071c2ba35ded816c2cf13b538e57fbb484152e0aaff20.tar,ubuntu 24.04,x86_64
3.8.5,687bd989d5430f3afa33c568de93ee014e4d78181e93ab73b5b8986e99bbd387,pythons/3.8.5/ubuntu-22-04-x86_64-687bd989d5430f3afa33c568de93ee014e4d78181e93ab73b5b8986e99bbd387.tar,ubuntu 22.04,x86_64
3.8.5,f1d9c0f34df894b6296b406021b8682123789e018e23b608c406508ebba1ce58,pythons/3.8.5/ubuntu-24-04-x86_64-f1d9c0f34df894b6296b406021b8682123789e018e23b608c406508ebba1ce58.tar,ubuntu 24.04,x86_64
3.8.6,dd3ff5a79bfdbe641a9a0285e3aa0e8252aa8651ed3754aa53fadd6bfd6360f8,pythons/3.8.6/ubuntu-22-04-x86_64-dd3ff5a79bfdbe641a9a0285e3aa0e8252aa8651ed3754aa53fadd6bfd6360f8.tar,ubuntu 22.04,x86_64
3.8.6,fa20255cb1abdbb257d8facebdb68df20e5070f8c995f686d4b3cba5eae443d7,pythons/3.8.6/ubuntu-24-04-x86_64-fa20255cb1abdbb257d8facebdb68df20e5070f8c995f686d4b3cba5eae443d7.tar,ubuntu 24.04,x86_64
3.8.7,da4521817621a135d2c66fb0361e2fd651433883868b7ddd9aec8fa622233f4a,pythons/3.8.7/ubuntu-22-04-x86_64-da4521817621a135d2c66fb0361e2fd651433883868b7ddd9aec8fa622233f4a.tar,ubuntu 22.04,x86_64
3.8.7,09fa97445526980d920c5eadcb4edc8336452eb497c80594b9c6cb34e124afd8,pythons/3.8.7/ubuntu-24-04-x86_64-09fa97445526980d920c5eadcb4edc8336452eb497c80594b9c6cb34e124afd8.tar,ubuntu 24.04,x86_64
3.8.8,2a8210914311c80f3aa7c8c370b2dd9f916d4591418dce6f18b92b80052cede0,pythons/3.8.8/ubuntu-22-04-x86_64-2a8210914311c80f3aa7c8c370b2dd9f916d4591418dce6f18b92b80052cede0.tar,ubuntu 22.04,x86_64
3.8.8,e0f8331aca5511c78b88498fe1d77025b2d678695366d92c0df15c6ef38ad42e,pythons/3.8.8/ubuntu-24-04-x86_64-e0f8331aca5511c78b88498fe1d77025b2d678695366d92c0df15c6ef38ad42e.tar,ubuntu 24.04,x86_64
3.8.9,b22bb3ef56fb690fa74e19419896801e04912bb2e435453e9ee26ae4eda689a2,pythons/3.8.9/ubuntu-22-04-x86_64-b22bb3ef56fb690fa74e19419896801e04912bb2e435453e9ee26ae4eda689a2.tar,ubuntu 22.04,x86_64
3.8.9,19259fb33a71a0f6b72e2515d776b34e2df214a87cffe30de42a2d90e626c35e,pythons/3.8.9/ubuntu-24-04-x86_64-19259fb33a71a0f6b72e2515d776b34e2df214a87cffe30de42a2d90e626c35e.tar,ubuntu 24.04,x86_64
3.8.10,ee7a1a7035cff72830cb193c7512eefaee227f318b7ffb132e29958f799f5917,pythons/3.8.10/ubuntu-22-04-x86_64-ee7a1a7035cff72830cb193c7512eefaee227f318b7ffb132e29958f799f5917.tar,ubuntu 22.04,x86_64
3.8.10,0469485fec56300a7a442bc9528f61450893f6644220d0832cd8cebf87fc574b,pythons/3.8.10/ubuntu-24-04-x86_64-0469485fec56300a7a442bc9528f61450893f6644220d0832cd8cebf87fc574b.tar,ubuntu 24.04,x86_64
3.8.11,6a3fc26e6b7eb9fdad029690047dea492f2cfe481d839328aa8a7d0462dd4345,pythons/3.8.11/ubuntu-22-04-x86_64-6a3fc26e6b7eb9fdad029690047dea492f2cfe481d839328aa8a7d0462dd4345.tar,ubuntu 22.04,x86_64
3.8.11,07130588a476c49432443183cb79fa85ead0431db8fcd3d5882ba8141a16a172,pythons/3.8.11/ubuntu-24-04-x86_64-07130588a476c49432443183cb79fa85ead0431db8fcd3d5882ba8141a16a172.tar,ubuntu 24.04,x86_64
3.8.12,606851659cd5bcee80c71a02cc10f0f861a05d924b672197fd5672c780316d8c,pythons/3.8.12/ubuntu-22-04-x86_64-606851659cd5bcee80c71a02cc10f0f861a05d924b672197fd5672c780316d8c.tar,ubuntu 22.04,x86_64
3.8.12,d534c098d773f5d558a4935fb82f83c831adafc7f59227eae0cf293148f5c261,pythons/3.8.12/ubuntu-24-04-x86_64-d534c098d773f5d558a4935fb82f83c831adafc7f59227eae0cf293148f5c261.tar,ubuntu 24.04,x86_64
3.8.13,0f5b9833d6b9c9c58fd84cf7c0f817b9dbd62d3de3f369bcd89a5c943b7a6313,pythons/3.8.13/ubuntu-22-04-x86_64-0f5b9833d6b9c9c58fd84cf7c0f817b9dbd62d3de3f369bcd89a5c943b7a6313.tar,ubuntu 22.04,x86_64
3.8.13,06055acb0691f631e147fa0fb8e848f141d3a20184b250be410b6d2f2ab08262,pythons/3.8.13/ubuntu-24-04-x86_64-06055acb0691f631e147fa0fb8e848f141d3a20184b250be410b6d2f2ab08262.tar,ubuntu 24.04,x86_64
3.8.14,6f1b0346e404543256d11c9f097eebd8df9141281a9e718d193d63fdf44c9f25,pythons/3.8.14/ubuntu-22-04-x86_64-6f1b0346e404543256d11c9f097eebd8df9141281a9e718d193d63fdf44c9f25.tar,ubuntu 22.04,x86_64
3.8.14,407a339495296494d6ebc1b1e1b0aa43495f070e3c57f4a3071a86beac1e40e2,pythons/3.8.14/ubuntu-24-04-x86_64-407a339495296494d6ebc1b1e1b0aa43495f070e3c57f4a3071a86beac1e40e2.tar,ubuntu 24.04,x86_64
3.8.15,a36b62fe047484f2b52d1ea18d0b6ace01541d089ee6e060439d950187ec06d1,pythons/3.8.15/ubuntu-22-04-x86_64-a36b62fe047484f2b52d1ea18d0b6ace01541d089ee6e060439d950187ec06d1.tar,ubuntu 22.04,x86_64
3.8.15,641b45507dcaba87e50f502128b03c95b0c826dcb2f7aaa925cdbd54eb1e4605,pythons/3.8.15/ubuntu-24-04-x86_64-641b45507dcaba87e50f502128b03c95b0c826dcb2f7aaa925cdbd54eb1e4605.tar,ubuntu 24.04,x86_64
3.8.16,1ac69a2dce048c886cd10968423e0d6d29011cedab472f5292e4953625c1b49d,pythons/3.8.16/ubuntu-22-04-x86_64-1ac69a2dce048c886cd10968423e0d6d29011cedab472f5292e4953625c1b49d.tar,ubuntu 22.04,x86_64
3.8.16,e9d7426d6591637a19a843fd7ce0b0eeccbf0064823e1f5c9f4b9d63da71a4d4,pythons/3.8.16/ubuntu-24-04-x86_64-e9d7426d6591637a19a843fd7ce0b0eeccbf0064823e1f5c9f4b9d63da71a4d4.tar,ubuntu 24.04,x86_64
3.8.17,18a86c4e859ae67152c405cb5528ee800d47c50cf88aa85b53196d1db552bc43,pythons/3.8.17/ubuntu-22-04-x86_64-18a86c4e859ae67152c405cb5528ee800d47c50cf88aa85b53196d1db552bc43.tar,ubuntu 22.04,x86_64
3.8.17,d23a320d0952a82d8c179f07c7132d1cf1a3228d6e92467d54c6479fe71e905f,pythons/3.8.17/ubuntu-24-04-x86_64-d23a320d0952a82d8c179f07c7132d1cf1a3228d6e92467d54c6479fe71e905f.tar,ubuntu 24.04,x86_64
3.8.18,36d264413122f6c4ec26233118c6bb7c6373b9f8ab4399699ec33a623bdff7c0,pythons/3.8.18/ubuntu-22-04-x86_64-36d264413122f6c4ec26233118c6bb7c6373b9f8ab4399699ec33a623bdff7c0.tar,ubuntu 22.04,x86_64
3.8.18,5fd995072f00aefc9a11039077b4714ae974bb84d6adf0a46545c267172ab888,pythons/3.8.18/ubuntu-24-04-x86_64-5fd995072f00aefc9a11039077b4714ae974bb84d6adf0a46545c267172ab888.tar,ubuntu 24.04,x86_64
3.8.19,0e6df4347e9c2eb2fbf518c02422aad66a39fed4bfc6dc9c1a457a4bdd9858a1,pythons/3.8.19/ubuntu-22-04-x86_64-0e6df4347e9c2eb2fbf518c02422aad66a39fed4bfc6dc9c1a457a4bdd9858a1.tar,ubuntu 22.04,x86_64
3.8.19,2af9ca7a61e1630bd813f9f1574097af17ac377f20322f409411a095647cc1e0,pythons/3.8.19/ubuntu-24-04-x86_64-2af9ca7a61e1630bd813f9f1574097af17ac377f20322f409411a095647cc1e0.tar,ubuntu 24.04,x86_64
3.8.20,1d1b45807defb006146b4611736ca204b832c5b02fb05a9958ea3046f3d428c1,pythons/3.8.20/ubuntu-22-04-x86_64-1d1b45807defb006146b4611736ca204b832c5b02fb05a9958ea3046f3d428c1.tar,ubuntu 22.04,x86_64
3.8.20,67b28912a18ef0defb80d3baafe3824ff009f00c3c82b5f10cd4f568cda528e1,pythons/3.8.20/ubuntu-24-04-x86_64-67b28912a18ef0defb80d3baafe3824ff009f00c3c82b5f10cd4f568cda528e1.tar,ubuntu 24.04,x86_64
3.9.0,ace20216c3fad45d87792409e38f8821b6e36a007542af11da9dc36999256748,pythons/3.9.0/ubuntu-22-04-x86_64-ace20216c3fad45d87792409e38f8821b6e36a007542af11da9dc36999256748.tar,ubuntu 22.04,x86_64
3.9.0,c8bb4a97661f84047aa514e8c4569a09658b98d78a66c7bee6b382265dd00f17,pythons/3.9.0/ubuntu-24-04-x86_64-c8bb4a97661f84047aa514e8c4569a09658b98d78a66c7bee6b382265dd00f17.tar,ubuntu 24.04,x86_64
3.9.1,247a038939b26f87b2b0e191c0c37c78331208afd2746b91d398b57cf8e9bcba,pythons/3.9.1/ubuntu-22-04-x86_64-247a038939b26f87b2b0e191c0c37c78331208afd2746b91d398b57cf8e9bcba.tar,ubuntu 22.04,x86_64
3.9.1,97abe9873763e0bc68b9b978f675b4c8d02e7636ed137a2c1a44b6df1bfa54a4,pythons/3.9.1/ubuntu-24-04-x86_64-97abe9873763e0bc68b9b978f675b4c8d02e7636ed137a2c1a44b6df1bfa54a4.tar,ubuntu 24.04,x86_64
3.9.2,b78dc7a2183141d320a2ce08d2e9f2260fb65ef505004cb5dfcbbe3ce7e614c9,pythons/3.9.2/ubuntu-22-04-x86_64-b78dc7a2183141d320a2ce08d2e9f2260fb65ef505004cb5dfcbbe3ce7e614c9.tar,ubuntu 22.04,x86_64
3.9.2,7787cb669709180534c9f99fb02e08869c76cf31b7ac19a5b286041210478717,pythons/3.9.2/ubuntu-24-04-x86_64-7787cb669709180534c9f99fb02e08869c76cf31b7ac19a5b286041210478717.tar,ubuntu 24.04,x86_64
3.9.3,0aa08474cfa5df265907bd3cd0b23954173302e57a4f682ca1347c46880f6401,pythons/3.9.3/ubuntu-22-04-x86_64-0aa08474cfa5df265907bd3cd0b23954173302e57a4f682ca1347c46880f6401.tar,ubuntu 22.04,x86_64
3.9.3,e406d9cb5b11f4d9488c9439818c9b6ee8dd2eefa724ffae1aeda2617117baeb,pythons/3.9.3/ubuntu-24-04-x86_64-e406d9cb5b11f4d9488c9439818c9b6ee8dd2eefa724ffae1aeda2617117baeb.tar,ubuntu 24.04,x86_64
3.9.4,aa1a070e2bf774281fb63eaa2ade7051c3437955212458fe756733cb7e17c3a9,pythons/3.9.4/ubuntu-22-04-x86_64-aa1a070e2bf774281fb63eaa2ade7051c3437955212458fe756733cb7e17c3a9.tar,ubuntu 22.04,x86_64
3.9.4,afa994316325d4e6c5867d12828d276756363c482cb1df389ce9cf66822e2c21,pythons/3.9.4/ubuntu-24-04-x86_64-afa994316325d4e6c5867d12828d276756363c482cb1df389ce9cf66822e2c21.tar,ubuntu 24.04,x86_64
3.9.5,fdbe2acf318794403d72ea3dc75f34d6be023f74071072e18f9ab3c9ebb93f6c,pythons/3.9.5/ubuntu-22-04-x86_64-fdbe2acf318794403d72ea3dc75f34d6be023f74071072e18f9ab3c9ebb93f6c.tar,ubuntu 22.04,x86_64
3.9.5,03c92bec39d5ac1a1414ed55c1af7064cbf2b8dc6e5c233c67a1b96507ead887,pythons/3.9.5/ubuntu-24-04-x86_64-03c92bec39d5ac1a1414ed55c1af7064cbf2b8dc6e5c233c67a1b96507ead887.tar,ubuntu 24.04,x86_64
3.9.6,8dfec2bf31c1086132b24fae4a8657209a4fc2fc93b8a7df9a39de738850ff3f,pythons/3.9.6/ubuntu-22-04-x86_64-8dfec2bf31c1086132b24fae4a8657209a4fc2fc93b8a7df9a39de738850ff3f.tar,ubuntu 22.04,x86_64
3.9.6,28cfddf2a71c51f9c3c2fc638920b9eda51cf38e642aaf32ded7d751118f51e0,pythons/3.9.6/ubuntu-24-04-x86_64-28cfddf2a71c51f9c3c2fc638920b9eda51cf38e642aaf32ded7d751118f51e0.tar,ubuntu 24.04,x86_64
3.9.7,1a05f10c1d4f148f5a1a4619b086805e51752b8afe8196d8bbfa3386e66ed85f,pythons/3.9.7/ubuntu-22-04-x86_64-1a05f10c1d4f148f5a1a4619b086805e51752b8afe8196d8bbfa3386e66ed85f.tar,ubuntu 22.04,x86_64
3.9.7,84717b8c0368b41504885363ee5dc8f4ae4054e218a359cc48f08874947fb9f9,pythons/3.9.7/ubuntu-24-04-x86_64-84717b8c0368b41504885363ee5dc8f4ae4054e218a359cc48f08874947fb9f9.tar,ubuntu 24.04,x86_64
3.9.8,ffdc96c3bd3b7ec641e5653c7e464e9f82193b1e21bedac973923dbe2e62acf2,pythons/3.9.8/ubuntu-22-04-x86_64-ffdc96c3bd3b7ec641e5653c7e464e9f82193b1e21bedac973923dbe2e62acf2.tar,ubuntu 22.04,x86_64
3.9.8,6418311d056d74ad944ab4446c4e3ca83a876dc3dee5b98ddaab7d9c824956d5,pythons/3.9.8/ubuntu-24-04-x86_64-6418311d056d74ad944ab4446c4e3ca83a876dc3dee5b98ddaab7d9c824956d5.tar,ubuntu 24.04,x86_64
3.9.9,21ba2c6064f698102bd547c07b23ac6c2db63f9c84665d213f25f008d1dc9992,pythons/3.9.9/ubuntu-22-04-x86_64-21ba2c6064f698102bd547c07b23ac6c2db63f9c84665d213f25f008d1dc9992.tar,ubuntu 22.04,x86_64
3.9.9,9df90d816368cdb723275c703afae21efef66de44ce68bf9a681bfb9a3b17a4e,pythons/3.9.9/ubuntu-24-04-x86_64-9df90d816368cdb723275c703afae21efef66de44ce68bf9a681bfb9a3b17a4e.tar,ubuntu 24.04,x86_64
3.9.10,9796b3c504423b0f6751caab98f353d4f380b48ed70be55ea5907deb1ac134e5,pythons/3.9.10/ubuntu-22-04-x86_64-9796b3c504423b0f6751caab98f353d4f380b48ed70be55ea5907deb1ac134e5.tar,ubuntu 22.04,x86_64
3.9.10,efd71f324d8fb9959df84b943b29ab9987dea3293249aef8665195f58fa60dd3,pythons/3.9.10/ubuntu-24-04-x86_64-efd71f324d8fb9959df84b943b29ab9987dea3293249aef8665195f58fa60dd3.tar,ubuntu 24.04,x86_64
3.9.11,b0a43e6c7975ad98a91a9574014797a5aec3530dcedf5644f6ac3a07a0878fd0,pythons/3.9.11/ubuntu-22-04-x86_64-b0a43e6c7975ad98a91a9574014797a5aec3530dcedf5644f6ac3a07a0878fd0.tar,ubuntu 22.04,x86_64
3.9.11,afbcf531825bcdc13ec4e79a42704687b250cf0c895dac9b00e8ae3ac87bc222,pythons/3.9.11/ubuntu-24-04-x86_64-afbcf531825bcdc13ec4e79a42704687b250cf0c895dac9b00e8ae3ac87bc222.tar,ubuntu 24.04,x86_64
3.9.12,74935eede65c3c10b04abc477e3b1af2b6a742a6d58eece7ff989ad76e67f3a8,pythons/3.9.12/ubuntu-22-04-x86_64-74935eede65c3c10b04abc477e3b1af2b6a742a6d58eece7ff989ad76e67f3a8.tar,ubuntu 22.04,x86_64
3.9.12,2099d1cdfc1039aee5d4c9056e7b8e242e1756203bb5b7ea2943288faf970a11,pythons/3.9.12/ubuntu-24-04-x86_64-2099d1cdfc1039aee5d4c9056e7b8e242e1756203bb5b7ea2943288faf970a11.tar,ubuntu 24.04,x86_64
3.9.13,592a256d38b493b1d2e3db549978df8c04e388ad4690af40d0c311d7dda678f3,pythons/3.9.13/ubuntu-22-04-x86_64-592a256d38b493b1d2e3db549978df8c04e388ad4690af40d0c311d7dda678f3.tar,ubuntu 22.04,x86_64
3.9.13,bdc6e0d654d0021d4b4a134d9c20af05af197720dfd4e399b013557b7995aa22,pythons/3.9.13/ubuntu-24-04-x86_64-bdc6e0d654d0021d4b4a134d9c20af05af197720dfd4e399b013557b7995aa22.tar,ubuntu 24.04,x86_64
3.9.14,03067ad5130b41751963472de25c048c716cfd2ef4e557d6aae21e0572722dce,pythons/3.9.14/ubuntu-22-04-x86_64-03067ad5130b41751963472de25c048c716cfd2ef4e557d6aae21e0572722dce.tar,ubuntu 22.04,x86_64
3.9.14,d12935b0842c80de56efc3cf4dd44b261879c327a964c6af45e8ed6f2ce485c5,pythons/3.9.14/ubuntu-24-04-x86_64-d12935b0842c80de56efc3cf4dd44b261879c327a964c6af45e8ed6f2ce485c5.tar,ubuntu 24.04,x86_64
3.9.15,3c94796fad41b58a701c0a07d248501c797a1eae55ce502a2a32b7227bdb116e,pythons/3.9.15/ubuntu-22-04-x86_64-3c94796fad41b58a701c0a07d248501c797a1eae55ce502a2a32b7227bdb116e.tar,ubuntu 22.04,x86_64
3.9.15,8886f46901be8bfbe21d5dec1ef206452f147d245cb531b192b61611772c8519,pythons/3.9.15/ubuntu-24-04-x86_64-8886f46901be8bfbe21d5dec1ef206452f147d245cb531b192b61611772c8519.tar,ubuntu 24.04,x86_64
3.9.16,a9f7b94c95668b263e5edc446d3b25fdcea28523e2902030964560750a80027c,pythons/3.9.16/ubuntu-22-04-x86_64-a9f7b94c95668b263e5edc446d3b25fdcea28523e2902030964560750a80027c.tar,ubuntu 22.04,x86_64
3.9.16,a6da47e63a75209e2c4d6da80837fc144bec8fb7df30e6e5b7c0f0c166142969,pythons/3.9.16/ubuntu-24-04-x86_64-a6da47e63a75209e2c4d6da80837fc144bec8fb7df30e6e5b7c0f0c166142969.tar,ubuntu 24.04,x86_64
3.9.17,7b091c89144badce37f51e023153e6aeec4b92f8acc28d221a75883b5e3d4c0b,pythons/3.9.17/ubuntu-22-04-x86_64-7b091c89144badce37f51e023153e6aeec4b92f8acc28d221a75883b5e3d4c0b.tar,ubuntu 22.04,x86_64
3.9.17,656d2ee648a453bb3456f134672db69bdefbfb1b9c70c0db55ec9b4c2606aa3c,pythons/3.9.17/ubuntu-24-04-x86_64-656d2ee648a453bb3456f134672db69bdefbfb1b9c70c0db55ec9b4c2606aa3c.tar,ubuntu 24.04,x86_64
3.9.18,0fd2ba53dce5e3bf22e9e4215e81f667a15880604b8ae9bc836dacd106697e63,pythons/3.9.18/ubuntu-22-04-x86_64-0fd2ba53dce5e3bf22e9e4215e81f667a15880604b8ae9bc836dacd106697e63.tar,ubuntu 22.04,x86_64
3.9.18,f01ebde6e696b8ed654664a14098c3eaead40c3e14d8eb0c8921fd0fe985a380,pythons/3.9.18/ubuntu-24-04-x86_64-f01ebde6e696b8ed654664a14098c3eaead40c3e14d8eb0c8921fd0fe985a380.tar,ubuntu 24.04,x86_64
3.9.19,9b14bb02dd67360056dbabe62826258a9cd2b71addfb9f3e4bb9b1d4dfcd4b12,pythons/3.9.19/ubuntu-22-04-x86_64-9b14bb02dd67360056dbabe62826258a9cd2b71addfb9f3e4bb9b1d4dfcd4b12.tar,ubuntu 22.04,x86_64
3.9.19,6d48cd9022b558fb3f97631f231d5cffca40dcca25776be5373612b36236d724,pythons/3.9.19/ubuntu-24-04-x86_64-6d48cd9022b558fb3f97631f231d5cffca40dcca25776be5373612b36236d724.tar,ubuntu 24.04,x86_64
3.9.20,43fc43e3db78d363dfc8736d33b1746e596a8207614f7659a1ca1687be405290,pythons/3.9.20/ubuntu-22-04-x86_64-43fc43e3db78d363dfc8736d33b1746e596a8207614f7659a1ca1687be405290.tar,ubuntu 22.04,x86_64
3.9.20,8ea78dced0a6bf7d94e5b8bda7cc4558842333f4ea2add53c85635783d59fbcf,pythons/3.9.20/ubuntu-24-04-x86_64-8ea78dced0a6bf7d94e5b8bda7cc4558842333f4ea2add53c85635783d59fbcf.tar,ubuntu 24.04,x86_64
3.9.21,5acb0b82226cbec28d0f1c75c73c475db019d8a3962007b333f960283c3491c5,pythons/3.9.21/ubuntu-22-04-x86_64-5acb0b82226cbec28d0f1c75c73c475db019d8a3962007b333f960283c3491c5.tar,ubuntu 22.04,x86_64
3.9.21,a9ae5007c95477a1a41636a574237e2a212b6764a94c5b53a90915649addfafe,pythons/3.9.21/ubuntu-24-04-x86_64-a9ae5007c95477a1a41636a574237e2a212b6764a94c5b53a90915649addfafe.tar,ubuntu 24.04,x86_64
3.9.22,9d88da7c163d9df6a0a1fbca2f6fe2d0b8133f4ac8ed7853afe50c51a616c6ee,pythons/3.9.22/ubuntu-22-04-x86_64-9d88da7c163d9df6a0a1fbca2f6fe2d0b8133f4ac8ed7853afe50c51a616c6ee.tar,ubuntu 22.04,x86_64
3.9.22,66384a0b211c19408cac6bd6261949bc6a93b9c27357772f4e834f29bc1f5e44,pythons/3.9.22/ubuntu-24-04-x86_64-66384a0b211c19408cac6bd6261949bc6a93b9c27357772f4e834f29bc1f5e44.tar,ubuntu 24.04,x86_64
3.9.23,e3cccc9ecb987dbee1199a764ac5faffeffd5a7222ba499d359e69847919984d,pythons/3.9.23/ubuntu-22-04-x86_64-e3cccc9ecb987dbee1199a764ac5faffeffd5a7222ba499d359e69847919984d.tar,ubuntu 22.04,x86_64
3.9.23,582def1a577666248eee707461acd8a2fb467efc08d3cd90682adce19858edd6,pythons/3.9.23/ubuntu-24-04-x86_64-582def1a577666248eee707461acd8a2fb467efc08d3cd90682adce19858edd6.tar,ubuntu 24.04,x86_64
3.10.0,340b6d8dace8ea529581bb62f2ec788d8e52cc9793d6cddfa8c6c9a94987ae98,pythons/3.10.0/ubuntu-22-04-x86_64-340b6d8dace8ea529581bb62f2ec788d8e52cc9793d6cddfa8c6c9a94987ae98.tar,ubuntu 22.04,x86_64
3.10.0,0fd8f8e27ce18982d9f0bebcc70d723973e7b5a150f933e985f03282198475e7,pythons/3.10.0/ubuntu-24-04-x86_64-0fd8f8e27ce18982d9f0bebcc70d723973e7b5a150f933e985f03282198475e7.tar,ubuntu 24.04,x86_64
3.10.1,9985f8cbaa983289c8f0a5cfd0517b177a2f231137ccae5336c5180658088ff0,pythons/3.10.1/ubuntu-22-04-x86_64-9985f8cbaa983289c8f0a5cfd0517b177a2f231137ccae5336c5180658088ff0.tar,ubuntu 22.04,x86_64
3.10.1,7be646f021e79cd7e9e742fe8cfc96bf0cb868d54e0d258de815213088a33699,pythons/3.10.1/ubuntu-24-04-x86_64-7be646f021e79cd7e9e742fe8cfc96bf0cb868d54e0d258de815213088a33699.tar,ubuntu 24.04,x86_64
3.10.2,322631a3f1ed9b8f526782468965483af170cbc54ddca9adc8972f3b4081d86a,pythons/3.10.2/ubuntu-22-04-x86_64-322631a3f1ed9b8f526782468965483af170cbc54ddca9adc8972f3b4081d86a.tar,ubuntu 22.04,x86_64
3.10.2,333568441c9f10fbe34d2377483d64dc915475ab57cb943659e2708be0d0d8b9,pythons/3.10.2/ubuntu-24-04-x86_64-333568441c9f10fbe34d2377483d64dc915475ab57cb943659e2708be0d0d8b9.tar,ubuntu 24.04,x86_64
3.10.3,71376475a5a525d99665e48bf96102954481ce4978520c50a0254c79d07a4a93,pythons/3.10.3/ubuntu-22-04-x86_64-71376475a5a525d99665e48bf96102954481ce4978520c50a0254c79d07a4a93.tar,ubuntu 22.04,x86_64
3.10.3,0487c37a2678e2e655fa6d62fbb93f0a456e332986db8682a88968fffb56f3fa,pythons/3.10.3/ubuntu-24-04-x86_64-0487c37a2678e2e655fa6d62fbb93f0a456e332986db8682a88968fffb56f3fa.tar,ubuntu 24.04,x86_64
3.10.4,e1a4e9269e532739e3201cc9f472589e513f724e063dadd84def9f4ebedbdcd6,pythons/3.10.4/ubuntu-22-04-x86_64-e1a4e9269e532739e3201cc9f472589e513f724e063dadd84def9f4ebedbdcd6.tar,ubuntu 22.04,x86_64
3.10.4,1d5fbe505014cfc12dfccb1ab0fec311b17bf73be006e034fca69ef2bce8b9e8,pythons/3.10.4/ubuntu-24-04-x86_64-1d5fbe505014cfc12dfccb1ab0fec311b17bf73be006e034fca69ef2bce8b9e8.tar,ubuntu 24.04,x86_64
3.10.5,1a47ded9a3ead5d147b12083c4f0dc5fb6162132d255022e980d05f3e4718c1f,pythons/3.10.5/ubuntu-22-04-x86_64-1a47ded9a3ead5d147b12083c4f0dc5fb6162132d255022e980d05f3e4718c1f.tar,ubuntu 22.04,x86_64
3.10.5,b062af336af23b8238e7f012695e21d32259083670b5953bc3c026d484c37367,pythons/3.10.5/ubuntu-24-04-x86_64-b062af336af23b8238e7f012695e21d32259083670b5953bc3c026d484c37367.tar,ubuntu 24.04,x86_64
3.10.6,9ea48ed4822e242786d272731654a4875da3575022d379feb2fe67d7ffb50b82,pythons/3.10.6/ubuntu-22-04-x86_64-9ea48ed4822e242786d272731654a4875da3575022d379feb2fe67d7ffb50b82.tar,ubuntu 22.04,x86_64
3.10.6,072f75fae89de92abe435d18ef4b5cdbe98dbfdeb0ab17bc441a75a06baa67fc,pythons/3.10.6/ubuntu-24-04-x86_64-072f75fae89de92abe435d18ef4b5cdbe98dbfdeb0ab17bc441a75a06baa67fc.tar,ubuntu 24.04,x86_64
3.10.7,15f36597621c040c44f42eb550e5c71d6db21fab81ecfcad471fe4e9cffe53bb,pythons/3.10.7/ubuntu-22-04-x86_64-15f36597621c040c44f42eb550e5c71d6db21fab81ecfcad471fe4e9cffe53bb.tar,ubuntu 22.04,x86_64
3.10.7,5fc08ce2cffa68d435f1c5ac0f50ae63bb55b8cf6aa9db7e28f92ddb09af834b,pythons/3.10.7/ubuntu-24-04-x86_64-5fc08ce2cffa68d435f1c5ac0f50ae63bb55b8cf6aa9db7e28f92ddb09af834b.tar,ubuntu 24.04,x86_64
3.10.8,d8b06092668219a024bc11f63b4f00fd4f80a00c7484651baa0e6772e9a86c78,pythons/3.10.8/ubuntu-22-04-x86_64-d8b06092668219a024bc11f63b4f00fd4f80a00c7484651baa0e6772e9a86c78.tar,ubuntu 22.04,x86_64
3.10.8,e407a838f01efcfc03a351ea97a72bcedcae5141de87698fed0d4b3c756953b8,pythons/3.10.8/ubuntu-24-04-x86_64-e407a838f01efcfc03a351ea97a72bcedcae5141de87698fed0d4b3c756953b8.tar,ubuntu 24.04,x86_64
3.10.9,1bfa66d0b9ab799dbc3a5e896a22c0f2c7a5b346032614afe110823414981922,pythons/3.10.9/ubuntu-22-04-x86_64-1bfa66d0b9ab799dbc3a5e896a22c0f2c7a5b346032614afe110823414981922.tar,ubuntu 22.04,x86_64
3.10.9,8159ac491f5ffb6dcd455e6548377d367158cc9bdbfae01b6aae9583af524bf2,pythons/3.10.9/ubuntu-24-04-x86_64-8159ac491f5ffb6dcd455e6548377d367158cc9bdbfae01b6aae9583af524bf2.tar,ubuntu 24.04,x86_64
3.10.10,596ba0e4e01f6508df768d7ac8dbdf2090616e499968e0daa2843a067793a089,pythons/3.10.10/ubuntu-22-04-x86_64-596ba0e4e01f6508df768d7ac8dbdf2090616e499968e0daa2843a067793a089.tar,ubuntu 22.04,x86_64
3.10.10,234e1c051bc5ca89411588c2e5ca36be8cd41412774c76024f58a01411c10434,pythons/3.10.10/ubuntu-24-04-x86_64-234e1c051bc5ca89411588c2e5ca36be8cd41412774c76024f58a01411c10434.tar,ubuntu 24.04,x86_64
3.10.11,78e6873d656ecadf9c6578af06d20c4b1afb0b8b22ba314f4e4961125f416ed4,pythons/3.10.11/ubuntu-22-04-x86_64-78e6873d656ecadf9c6578af06d20c4b1afb0b8b22ba314f4e4961125f416ed4.tar,ubuntu 22.04,x86_64
3.10.11,1a1df75bb90658fbe8ecdab553fe733c55d4a0369c4ceaa1a63f7c2ce8384032,pythons/3.10.11/ubuntu-24-04-x86_64-1a1df75bb90658fbe8ecdab553fe733c55d4a0369c4ceaa1a63f7c2ce8384032.tar,ubuntu 24.04,x86_64
3.10.12,dc100aa8348b0033348aa978ce20a124157674bd7c694eea6117a3988bb81f00,pythons/3.10.12/ubuntu-22-04-x86_64-dc100aa8348b0033348aa978ce20a124157674bd7c694eea6117a3988bb81f00.tar,ubuntu 22.04,x86_64
3.10.12,63c1a5457cf612879b57fc7b9c56ef1c59ccd222c6ba0281f3190cab88f4ee4e,pythons/3.10.12/ubuntu-24-04-x86_64-63c1a5457cf612879b57fc7b9c56ef1c59ccd222c6ba0281f3190cab88f4ee4e.tar,ubuntu 24.04,x86_64
3.10.13,d17e6a47bf4cd3b5339ee74c65d56067118097568341fd6299f9ad377dabb4e5,pythons/3.10.13/ubuntu-22-04-x86_64-d17e6a47bf4cd3b5339ee74c65d56067118097568341fd6299f9ad377dabb4e5.tar,ubuntu 22.04,x86_64
3.10.13,b1f8982520ef347a172bfa64c2c70cb26de2a023e97fe529f1bcf039de542448,pythons/3.10.13/ubuntu-24-04-x86_64-b1f8982520ef347a172bfa64c2c70cb26de2a023e97fe529f1bcf039de542448.tar,ubuntu 24.04,x86_64
3.10.14,797e9981326c82f3e1f5d0fcb922ad67329e15388076a3fba5f69d6b222a0301,pythons/3.10.14/ubuntu-22-04-x86_64-797e9981326c82f3e1f5d0fcb922ad67329e15388076a3fba5f69d6b222a0301.tar,ubuntu 22.04,x86_64
3.10.14,4c571d11746fe76eeea4e7e641b539a1debec1140735779ab030854a273a731f,pythons/3.10.14/ubuntu-24-04-x86_64-4c571d11746fe76eeea4e7e641b539a1debec1140735779ab030854a273a731f.tar,ubuntu 24.04,x86_64
3.10.15,c9c7d806f05ded8f7a3acc25d0207db74dc403b42deb3e63a8e63a01a0e91004,pythons/3.10.15/ubuntu-22-04-x86_64-c9c7d806f05ded8f7a3acc25d0207db74dc403b42deb3e63a8e63a01a0e91004.tar,ubuntu 22.04,x86_64
3.10.15,c7913afe6f6eadc8f44c928f9c086ca6398d1f3e6f10e70241135c761d56ff8c,pythons/3.10.15/ubuntu-24-04-x86_64-c7913afe6f6eadc8f44c928f9c086ca6398d1f3e6f10e70241135c761d56ff8c.tar,ubuntu 24.04,x86_64
3.10.16,06becfed54f7e8ddb9cb03afbc520351d8deaa6fa195dc01a355e80e6711e46b,pythons/3.10.16/ubuntu-22-04-x86_64-06becfed54f7e8ddb9cb03afbc520351d8deaa6fa195dc01a355e80e6711e46b.tar,ubuntu 22.04,x86_64
3.10.16,b021de88d29a046748324402b9248bdba3f2ec274c1023bc1916a30ece75c622,pythons/3.10.16/ubuntu-24-04-x86_64-b021de88d29a046748324402b9248bdba3f2ec274c1023bc1916a30ece75c622.tar,ubuntu 24.04,x86_64
3.10.17,c822f73c155f07aded2c21f0a30242e5e4ea2d98f83a7588a1f9b16dbd99928a,pythons/3.10.17/ubuntu-22-04-x86_64-c822f73c155f07aded2c21f0a30242e5e4ea2d98f83a7588a1f9b16dbd99928a.tar,ubuntu 22.04,x86_64
3.10.17,f6d1ab9f28336c8fb6e5737b1ca22e98c98cd3017d56c3bd59fd8d390c8617c2,pythons/3.10.17/ubuntu-24-04-x86_64-f6d1ab9f28336c8fb6e5737b1ca22e98c98cd3017d56c3bd59fd8d390c8617c2.tar,ubuntu 24.04,x86_64
3.10.18,ee603df76928f3f5476576fea593fc925bdc89d99bd1962316512d7dce2d903b,pythons/3.10.18/ubuntu-22-04-x86_64-ee603df76928f3f5476576fea593fc925bdc89d99bd1962316512d7dce2d903b.tar,ubuntu 22.04,x86_64
3.10.18,4eedc558211657ab37b63e0933210cd3b1611ce3102f6e8a1253a348973fe41f,pythons/3.10.18/ubuntu-24-04-x86_64-4eedc558211657ab37b63e0933210cd3b1611ce3102f6e8a1253a348973fe41f.tar,ubuntu 24.04,x86_64
3.11.0,b4676357cfc8c1f7020f71316aa9ffa9dbbcc76c2f8b58bd90c07678a59f140f,pythons/3.11.0/ubuntu-22-04-x86_64-b4676357cfc8c1f7020f71316aa9ffa9dbbcc76c2f8b58bd90c07678a59f140f.tar,ubuntu 22.04,x86_64
3.11.0,05abaef97d885d2f873cb489e6509f99f0e7321e93ba5b4ae572a47b58cac2f7,pythons/3.11.0/ubuntu-24-04-x86_64-05abaef97d885d2f873cb489e6509f99f0e7321e93ba5b4ae572a47b58cac2f7.tar,ubuntu 24.04,x86_64
3.11.1,d06b2329a73c3b4b25d0148287a44e3474ee529447fd23642db68a2885e23d4f,pythons/3.11.1/ubuntu-22-04-x86_64-d06b2329a73c3b4b25d0148287a44e3474ee529447fd23642db68a2885e23d4f.tar,ubuntu 22.04,x86_64
3.11.1,ad0d03c2d3f6b73605f8f029a763ae51109478118f22c2181f009caddbdacc16,pythons/3.11.1/ubuntu-24-04-x86_64-ad0d03c2d3f6b73605f8f029a763ae51109478118f22c2181f009caddbdacc16.tar,ubuntu 24.04,x86_64
3.11.2,49d47c3c25faa2b32f37d6d85385295e45354494535ce6c164eeeb4539963a90,pythons/3.11.2/ubuntu-22-04-x86_64-49d47c3c25faa2b32f37d6d85385295e45354494535ce6c164eeeb4539963a90.tar,ubuntu 22.04,x86_64
3.11.2,9509de464eaec7459a029b37cf99fab8a5092c529d54bb0fb028a4af915ca0e6,pythons/3.11.2/ubuntu-24-04-x86_64-9509de464eaec7459a029b37cf99fab8a5092c529d54bb0fb028a4af915ca0e6.tar,ubuntu 24.04,x86_64
3.11.3,60d4ebd934719e1819f24f57359293314fa9c327423c10ab57ea36f93e49690e,pythons/3.11.3/ubuntu-22-04-x86_64-60d4ebd934719e1819f24f57359293314fa9c327423c10ab57ea36f93e49690e.tar,ubuntu 22.04,x86_64
3.11.3,4365aec23a6bf31a650ed0a9cc9e8c26c2b18f30cd2bd64e54f4ef94d82c5bf2,pythons/3.11.3/ubuntu-24-04-x86_64-4365aec23a6bf31a650ed0a9cc9e8c26c2b18f30cd2bd64e54f4ef94d82c5bf2.tar,ubuntu 24.04,x86_64
3.11.4,0047b81ce589cf306afaff3b218ba17d4639b3923d9a55cae8afe4236cc7e87f,pythons/3.11.4/ubuntu-22-04-x86_64-0047b81ce589cf306afaff3b218ba17d4639b3923d9a55cae8afe4236cc7e87f.tar,ubuntu 22.04,x86_64
3.11.4,f97c04afd7251a21a649671bcdc5c0788a8b60ebe2492df93af3cd6243b8077f,pythons/3.11.4/ubuntu-24-04-x86_64-f97c04afd7251a21a649671bcdc5c0788a8b60ebe2492df93af3cd6243b8077f.tar,ubuntu 24.04,x86_64
3.11.5,3b4bffc3b473f11a2783c452f5a9e0e442d9e196dce5244b594503e0b3a67b44,pythons/3.11.5/ubuntu-22-04-x86_64-3b4bffc3b473f11a2783c452f5a9e0e442d9e196dce5244b594503e0b3a67b44.tar,ubuntu 22.04,x86_64
3.11.5,c6f0804b94fc81a49384b754ae87a3e6d096fe1977ca3e46ae4c18845d175c64,pythons/3.11.5/ubuntu-24-04-x86_64-c6f0804b94fc81a49384b754ae87a3e6d096fe1977ca3e46ae4c18845d175c64.tar,ubuntu 24.04,x86_64
3.11.6,cf8c3d0455d905f93a8016c5301660de992bc262d8370a32d8a106da76b5039c,pythons/3.11.6/ubuntu-22-04-x86_64-cf8c3d0455d905f93a8016c5301660de992bc262d8370a32d8a106da76b5039c.tar,ubuntu 22.04,x86_64
3.11.6,5cc53866b2991a2a90eb57da50f20c2b03bea2167d32cb06a33bd640663d335a,pythons/3.11.6/ubuntu-24-04-x86_64-5cc53866b2991a2a90eb57da50f20c2b03bea2167d32cb06a33bd640663d335a.tar,ubuntu 24.04,x86_64
3.11.7,7fd920077cfa7043b2dbe790e342b257283b5bc8ab32f61004ad93460158b994,pythons/3.11.7/ubuntu-22-04-x86_64-7fd920077cfa7043b2dbe790e342b257283b5bc8ab32f61004ad93460158b994.tar,ubuntu 22.04,x86_64
3.11.7,e9b2538227c2eb18eeb1914327f9ee4aa1305b31225691e32ad45c73eb74354c,pythons/3.11.7/ubuntu-24-04-x86_64-e9b2538227c2eb18eeb1914327f9ee4aa1305b31225691e32ad45c73eb74354c.tar,ubuntu 24.04,x86_64
3.11.8,e2b3c727f23d5540aa33ef6e23e2251dd0c0aa5305f8e7adb242ca750137df79,pythons/3.11.8/ubuntu-22-04-x86_64-e2b3c727f23d5540aa33ef6e23e2251dd0c0aa5305f8e7adb242ca750137df79.tar,ubuntu 22.04,x86_64
3.11.8,b94a1c14adf6278f02c5d299dc6960a7dd49bbcb38ef052790a76273629c0aa9,pythons/3.11.8/ubuntu-24-04-x86_64-b94a1c14adf6278f02c5d299dc6960a7dd49bbcb38ef052790a76273629c0aa9.tar,ubuntu 24.04,x86_64
3.11.9,5a82e653aff3642e3e82670c584c12cb08d1c3dfa9904041bc7922a58f74c532,pythons/3.11.9/ubuntu-22-04-x86_64-5a82e653aff3642e3e82670c584c12cb08d1c3dfa9904041bc7922a58f74c532.tar,ubuntu 22.04,x86_64
3.11.9,07e25a080ca8b0e73319c04286ac65ef1bf8920052fb89fab49f4b834f290151,pythons/3.11.9/ubuntu-24-04-x86_64-07e25a080ca8b0e73319c04286ac65ef1bf8920052fb89fab49f4b834f290151.tar,ubuntu 24.04,x86_64
3.11.10,09b603e180429500a667e8142d31c189fb78b634455534c1ffd56bb16da7e955,pythons/3.11.10/ubuntu-22-04-x86_64-09b603e180429500a667e8142d31c189fb78b634455534c1ffd56bb16da7e955.tar,ubuntu 22.04,x86_64
3.11.10,909c1daae817bfe4fccf8d63093ea4ed820f6cf3103466ef95570defb2d1a88c,pythons/3.11.10/ubuntu-24-04-x86_64-909c1daae817bfe4fccf8d63093ea4ed820f6cf3103466ef95570defb2d1a88c.tar,ubuntu 24.04,x86_64
3.11.11,d26fa4e75f1c51dd54902b059480cff2a7d6758ccae35823a32bab797bb3946b,pythons/3.11.11/ubuntu-22-04-x86_64-d26fa4e75f1c51dd54902b059480cff2a7d6758ccae35823a32bab797bb3946b.tar,ubuntu 22.04,x86_64
3.11.11,0295559792780778d6e2e7c590025ab44f5fc339f7c579e1fda0713b4fc95158,pythons/3.11.11/ubuntu-24-04-x86_64-0295559792780778d6e2e7c590025ab44f5fc339f7c579e1fda0713b4fc95158.tar,ubuntu 24.04,x86_64
3.11.12,eac6154fd9c2bdd28337bf7a05406ee18d143837ed49a9115e9deaca91ea11f0,pythons/3.11.12/ubuntu-22-04-x86_64-eac6154fd9c2bdd28337bf7a05406ee18d143837ed49a9115e9deaca91ea11f0.tar,ubuntu 22.04,x86_64
3.11.12,d6c7a16c9dd415cababb9853f9507de9621cf1459859a8d649bbe288f1873e80,pythons/3.11.12/ubuntu-24-04-x86_64-d6c7a16c9dd415cababb9853f9507de9621cf1459859a8d649bbe288f1873e80.tar,ubuntu 24.04,x86_64
3.11.13,7e1c0db42637456c165dddaab281650d76d2529f440721427b97f7ab5e4289cf,pythons/3.11.13/ubuntu-22-04-x86_64-7e1c0db42637456c165dddaab281650d76d2529f440721427b97f7ab5e4289cf.tar,ubuntu 22.04,x86_64
3.11.13,cef0307441d107592376073141f95343f733cfa832c80655d26f125b4f68bd86,pythons/3.11.13/ubuntu-24-04-x86_64-cef0307441d107592376073141f95343f733cfa832c80655d26f125b4f68bd86.tar,ubuntu 24.04,x86_64
3.12.0,77b89e7c4a8ab69b9d08e8dbdd544d96ae5bbdeeb5b042942dea428e17ac8205,pythons/3.12.0/ubuntu-22-04-x86_64-77b89e7c4a8ab69b9d08e8dbdd544d96ae5bbdeeb5b042942dea428e17ac8205.tar,ubuntu 22.04,x86_64
3.12.0,c0986caa08e4ede8dfd0425ef529c1f498ced792b09fa0006b16d42d73b35f67,pythons/3.12.0/ubuntu-24-04-x86_64-c0986caa08e4ede8dfd0425ef529c1f498ced792b09fa0006b16d42d73b35f67.tar,ubuntu 24.04,x86_64
3.12.1,e8036952c16dbc07996bfaee6b7708f7cab58da1320b263e3eef099732c57fc4,pythons/3.12.1/ubuntu-22-04-x86_64-e8036952c16dbc07996bfaee6b7708f7cab58da1320b263e3eef099732c57fc4.tar,ubuntu 22.04,x86_64
3.12.1,f8df2f7ddfd10c4e9f14be1b4fb1fe60521d7a9f996da343862c7e1cb6b6be7c,pythons/3.12.1/ubuntu-24-04-x86_64-f8df2f7ddfd10c4e9f14be1b4fb1fe60521d7a9f996da343862c7e1cb6b6be7c.tar,ubuntu 24.04,x86_64
3.12.2,4b9e29306e34e2b95df71fb1c9ef303cedac6588b4dbf91eb495534cf6817252,pythons/3.12.2/ubuntu-22-04-x86_64-4b9e29306e34e2b95df71fb1c9ef303cedac6588b4dbf91eb495534cf6817252.tar,ubuntu 22.04,x86_64
3.12.2,2fc88ecd4b2017238787f856ae638f3b9806f2af2d85954b17b9241166a4ae55,pythons/3.12.2/ubuntu-24-04-x86_64-2fc88ecd4b2017238787f856ae638f3b9806f2af2d85954b17b9241166a4ae55.tar,ubuntu 24.04,x86_64
3.12.3,cc950ceb5904ebd90ddd169721b44840a5ea87df405a136bb37236f92eaa433f,pythons/3.12.3/ubuntu-22-04-x86_64-cc950ceb5904ebd90ddd169721b44840a5ea87df405a136bb37236f92eaa433f.tar,ubuntu 22.04,x86_64
3.12.3,7b4f88b5e39f8bf0a134f855ca83e6f2c966075256076cdabbc7c478458454af,pythons/3.12.3/ubuntu-24-04-x86_64-7b4f88b5e39f8bf0a134f855ca83e6f2c966075256076cdabbc7c478458454af.tar,ubuntu 24.04,x86_64
3.12.4,174ec7e81a16ab672d214d6b1faab441c34c68a0ee9a2950df945aa93bc36690,pythons/3.12.4/ubuntu-22-04-x86_64-174ec7e81a16ab672d214d6b1faab441c34c68a0ee9a2950df945aa93bc36690.tar,ubuntu 22.04,x86_64
3.12.4,ce75f41e29a7d063c6321993fd3047c820ea0c8b36b3312885e57e0367c89451,pythons/3.12.4/ubuntu-24-04-x86_64-ce75f41e29a7d063c6321993fd3047c820ea0c8b36b3312885e57e0367c89451.tar,ubuntu 24.04,x86_64
3.12.5,4f80ad163c063de638415dff52b88d74115d26f6d06eaa4b2e9311d0ad4d1967,pythons/3.12.5/ubuntu-22-04-x86_64-4f80ad163c063de638415dff52b88d74115d26f6d06eaa4b2e9311d0ad4d1967.tar,ubuntu 22.04,x86_64
3.12.5,9124399e4fce5000f614695581cb7bf735af53d6f5098b7cb343542b80e2718e,pythons/3.12.5/ubuntu-24-04-x86_64-9124399e4fce5000f614695581cb7bf735af53d6f5098b7cb343542b80e2718e.tar,ubuntu 24.04,x86_64
3.12.6,293171900c50434de509d8c881448ddf4237a15c72d9ac929412a404a2ad7faa,pythons/3.12.6/ubuntu-22-04-x86_64-293171900c50434de509d8c881448ddf4237a15c72d9ac929412a404a2ad7faa.tar,ubuntu 22.04,x86_64
3.12.6,d77b5b40f3e8def50dd3babdeb137ac6ad3c95329c0f9ff27aa9cc2047520f55,pythons/3.12.6/ubuntu-24-04-x86_64-d77b5b40f3e8def50dd3babdeb137ac6ad3c95329c0f9ff27aa9cc2047520f55.tar,ubuntu 24.04,x86_64
3.12.7,cd934d414bf755ae006bba4e17aac59390450f76aabce1eee0062a76e0195ef4,pythons/3.12.7/ubuntu-22-04-x86_64-cd934d414bf755ae006bba4e17aac59390450f76aabce1eee0062a76e0195ef4.tar,ubuntu 22.04,x86_64
3.12.7,506c9d1caa0f4a349fdddaea2acba6756b04e71d83ae8cb897402d0297329f46,pythons/3.12.7/ubuntu-24-04-x86_64-506c9d1caa0f4a349fdddaea2acba6756b04e71d83ae8cb897402d0297329f46.tar,ubuntu 24.04,x86_64
3.12.8,1f8b591bb8444255d64cebe917dd64e033d3c3e37a98f1add5b766b6e9b5a5a3,pythons/3.12.8/ubuntu-22-04-x86_64-1f8b591bb8444255d64cebe917dd64e033d3c3e37a98f1add5b766b6e9b5a5a3.tar,ubuntu 22.04,x86_64
3.12.8,219f2533c2bd6093480f72ac10324f8581d7974e3a560f7569b9253e8c80cdf3,pythons/3.12.8/ubuntu-24-04-x86_64-219f2533c2bd6093480f72ac10324f8581d7974e3a560f7569b9253e8c80cdf3.tar,ubuntu 24.04,x86_64
3.12.9,8b35654aba636dd02696b7bfddf0bbf413fed33420ceb0758b8b966449b9dfd9,pythons/3.12.9/ubuntu-22-04-x86_64-8b35654aba636dd02696b7bfddf0bbf413fed33420ceb0758b8b966449b9dfd9.tar,ubuntu 22.04,x86_64
3.12.9,7dc6496aa64daed8a276c142b2693c3a002ec154ae604c7e2bba35754f473804,pythons/3.12.9/ubuntu-24-04-x86_64-7dc6496aa64daed8a276c142b2693c3a002ec154ae604c7e2bba35754f473804.tar,ubuntu 24.04,x86_64
3.12.10,8d3ee96913fd7e23d82a4d267c5207abe8ddfd2da04b57ab8c4bc3930d91f78e,pythons/3.12.10/ubuntu-22-04-x86_64-8d3ee96913fd7e23d82a4d267c5207abe8ddfd2da04b57ab8c4bc3930d91f78e.tar,ubuntu 22.04,x86_64
3.12.10,ec47af41c07993e2e6225d9aac2f8c5e3c106882b355a27ec2ef3a697196990a,pythons/3.12.10/ubuntu-24-04-x86_64-ec47af41c07993e2e6225d9aac2f8c5e3c106882b355a27ec2ef3a697196990a.tar,ubuntu 24.04,x86_64
3.12.11,6c9542d105716de6aa886e946fce081063d803c4de40ad02d89b47df69094de2,pythons/3.12.11/ubuntu-22-04-x86_64-6c9542d105716de6aa886e946fce081063d803c4de40ad02d89b47df69094de2.tar,ubuntu 22.04,x86_64
3.12.11,d729ca24c9bb7607a9f5c896ea8a5296580b8490ccc646df4eb2246d6a7d3a49,pythons/3.12.11/ubuntu-24-04-x86_64-d729ca24c9bb7607a9f5c896ea8a5296580b8490ccc646df4eb2246d6a7d3a49.tar,ubuntu 24.04,x86_64
3.13.0,8231f8efa5be4f152d4622cefd54c8656969151ac8b2671c1229821e72363571,pythons/3.13.0/ubuntu-22-04-x86_64-8231f8efa5be4f152d4622cefd54c8656969151ac8b2671c1229821e72363571.tar,ubuntu 22.04,x86_64
3.13.0,68d91ff45eee6560f744b9ab5f57529e36208f00229a66d3a0fe1ad58b93091c,pythons/3.13.0/ubuntu-24-04-x86_64-68d91ff45eee6560f744b9ab5f57529e36208f00229a66d3a0fe1ad58b93091c.tar,ubuntu 24.04,x86_64
3.13.1,ee9c11df01accbd1abb44b0d872d64cb7fdd16830e255502799910a428b1d2f4,pythons/3.13.1/ubuntu-22-04-x86_64-ee9c11df01accbd1abb44b0d872d64cb7fdd16830e255502799910a428b1d2f4.tar,ubuntu 22.04,x86_64
3.13.1,08c35f26223f7c862eb02f9cece3ac5a8df19d945284ef59605bfa4b77e59246,pythons/3.13.1/ubuntu-24-04-x86_64-08c35f26223f7c862eb02f9cece3ac5a8df19d945284ef59605bfa4b77e59246.tar,ubuntu 24.04,x86_64
3.13.2,17d0f24dd2d47515008718b462c0aaa8f3ddd254f05ddd4738453c6b2138d0f5,pythons/3.13.2/ubuntu-22-04-x86_64-17d0f24dd2d47515008718b462c0aaa8f3ddd254f05ddd4738453c6b2138d0f5.tar,ubuntu 22.04,x86_64
3.13.2,093806eed2460239e064f22ac424bef625ba517f790f8dd9850b7970b765395a,pythons/3.13.2/ubuntu-24-04-x86_64-093806eed2460239e064f22ac424bef625ba517f790f8dd9850b7970b765395a.tar,ubuntu 24.04,x86_64
3.13.3,2c845097e7a967f80b37e49568b4fafb5834b51b241452f2c7d57b914920b419,pythons/3.13.3/ubuntu-22-04-x86_64-2c845097e7a967f80b37e49568b4fafb5834b51b241452f2c7d57b914920b419.tar,ubuntu 22.04,x86_64
3.13.3,10dc4e448b565cf8fdf1c29ff1dfb3f2738bf5f736c33d62c6b28aa49b53c74b,pythons/3.13.3/ubuntu-24-04-x86_64-10dc4e448b565cf8fdf1c29ff1dfb3f2738bf5f736c33d62c6b28aa49b53c74b.tar,ubuntu 24.04,x86_64
3.13.4,7e681c32a8b9976e4d0a79b34a846c1b97df314cc945317bd8e6f73ba1dabc94,pythons/3.13.4/ubuntu-22-04-x86_64-7e681c32a8b9976e4d0a79b34a846c1b97df314cc945317bd8e6f73ba1dabc94.tar,ubuntu 22.04,x86_64
3.13.4,b6337acca8df048fe7d04fffb0e742d1d667dda03b2c39fb5baaba428039e4a8,pythons/3.13.4/ubuntu-24-04-x86_64-b6337acca8df048fe7d04fffb0e742d1d667dda03b2c39fb5baaba428039e4a8.tar,ubuntu 24.04,x86_64
